{
    "libro": [
        {
            "titulo": "El Ingenioso Hidalgo Don Quixote de la\nMancha",
            "autor": "Miguel de Cervantes Saavedra",
            "fecha": {
                "publicacion": "1605",
                "edicion": "2009"
            },
            "localizacion": {
                "estanteria": "B",
                "fila": "7"
            }
        },
        {
            "titulo": "Donde sta los tios",
            "autor": "Josep Pedrerol",
            "fecha": {
                "publicacion": "2022",
                "edicion": "2022"
            },
            "localizacion": {
                "estanteria": "J",
                "fila": "1"
            }
        }
    ]
}