{
    "alumne":[{
        "nomAlumne":"Pol",
        "cognomAlumne":"vilert",
        "notas":[{
            "m1":"6",
            "m2":"3",
            "m3":"9"
        }]
    },
    {
        "nomAlumne":"Isma",
        "cognomAlumne":"DeLasReinas",
        "notas":[{
            "m1":"10",
            "m2":"10",
            "m3":"9"
        }]
    },
    {
        "nomAlumne":"Vadimir",
        "cognomAlumne":"DeLosSantos",
        "notas":[{
            "m1":"6",
            "m2":"3",
            "m3":"9"
        }]
    }]
}