[
    {
        "id": 416,
        "question": "The maximum length of the varchar columns Is",
        "description": null,
        "answers": {
            "answer_a": "Upto 65, 535 Bytes",
            "answer_b": "Upto 65, 567 Bytes",
            "answer_c": "Upto 256 Bytes",
            "answer_d": "None Of The Mentioned",
            "answer_e": null,
            "answer_f": null
        },
        "multiple_correct_answers": "false",
        "correct_answers": {
            "answer_a_correct": "true",
            "answer_b_correct": "false",
            "answer_c_correct": "false",
            "answer_d_correct": "false",
            "answer_e_correct": "false",
            "answer_f_correct": "false"
        },
        "correct_answer": "answer_a",
        "explanation": null,
        "tip": null,
        "tags": [
            {
                "name": "MySQL"
            }
        ],
        "category": "SQL",
        "difficulty": "Medium"
    },
    {
        "id": 436,
        "question": "BCNF Stands for _________.",
        "description": null,
        "answers": {
            "answer_a": "Binary Coded Normal Form",
            "answer_b": "Boyce Codd Natural Form",
            "answer_c": "Bit Code Normal Form",
            "answer_d": "Boyce - Codd Normal Form",
            "answer_e": null,
            "answer_f": null
        },
        "multiple_correct_answers": "false",
        "correct_answers": {
            "answer_a_correct": "false",
            "answer_b_correct": "false",
            "answer_c_correct": "false",
            "answer_d_correct": "true",
            "answer_e_correct": "false",
            "answer_f_correct": "false"
        },
        "correct_answer": "answer_a",
        "explanation": null,
        "tip": null,
        "tags": [
            {
                "name": "MySQL"
            }
        ],
        "category": "SQL",
        "difficulty": "Medium"
    },
    {
        "id": 378,
        "question": "What will be the effect of the query SELECT TOP (100) FROM customers when executed against MySQL database.",
        "description": null,
        "answers": {
            "answer_a": "The query will return 100 records from the database table sorted in descending order",
            "answer_b": "The query will return all records from the database table",
            "answer_c": "The query will generate an error",
            "answer_d": "The query will return 100 records from the database table sorted in ascending order",
            "answer_e": null,
            "answer_f": null
        },
        "multiple_correct_answers": "false",
        "correct_answers": {
            "answer_a_correct": "false",
            "answer_b_correct": "false",
            "answer_c_correct": "true",
            "answer_d_correct": "false",
            "answer_e_correct": "false",
            "answer_f_correct": "false"
        },
        "correct_answer": "answer_a",
        "explanation": null,
        "tip": null,
        "tags": [
            {
                "name": "MySQL"
            }
        ],
        "category": "SQL",
        "difficulty": "Medium"
    },
    {
        "id": 382,
        "question": "The UNION command is used to combine result sets from more than one query into a single result set",
        "description": null,
        "answers": {
            "answer_a": "True",
            "answer_b": "False",
            "answer_c": null,
            "answer_d": null,
            "answer_e": null,
            "answer_f": null
        },
        "multiple_correct_answers": "false",
        "correct_answers": {
            "answer_a_correct": "true",
            "answer_b_correct": "false",
            "answer_c_correct": "false",
            "answer_d_correct": "false",
            "answer_e_correct": "false",
            "answer_f_correct": "false"
        },
        "correct_answer": "answer_a",
        "explanation": null,
        "tip": null,
        "tags": [
            {
                "name": "MySQL"
            }
        ],
        "category": "SQL",
        "difficulty": "Medium"
    },
    {
        "id": 434,
        "question": "Which of the following statements is NOT true for views in SQL?",
        "description": null,
        "answers": {
            "answer_a": "Select statement used in the view definition cannot include ORDER BY clause.",
            "answer_b": "A view contains a copy of the data",
            "answer_c": "A view drives its data from the base tables(s)",
            "answer_d": "A view is updatable if it has been defined from a single relation",
            "answer_e": null,
            "answer_f": null
        },
        "multiple_correct_answers": "false",
        "correct_answers": {
            "answer_a_correct": "false",
            "answer_b_correct": "true",
            "answer_c_correct": "false",
            "answer_d_correct": "false",
            "answer_e_correct": "false",
            "answer_f_correct": "false"
        },
        "correct_answer": "answer_a",
        "explanation": null,
        "tip": null,
        "tags": [
            {
                "name": "MySQL"
            }
        ],
        "category": "SQL",
        "difficulty": "Medium"
    },
    {
        "id": 438,
        "question": "The data type BLOB stands for:",
        "description": null,
        "answers": {
            "answer_a": "Binary Large Object",
            "answer_b": "Big List Object",
            "answer_c": "Binary List Object",
            "answer_d": "None of the mentioned",
            "answer_e": "Binary List Obsolete Object",
            "answer_f": null
        },
        "multiple_correct_answers": "false",
        "correct_answers": {
            "answer_a_correct": "true",
            "answer_b_correct": "false",
            "answer_c_correct": "false",
            "answer_d_correct": "false",
            "answer_e_correct": "false",
            "answer_f_correct": "false"
        },
        "correct_answer": "answer_a",
        "explanation": null,
        "tip": null,
        "tags": [
            {
                "name": "MySQL"
            }
        ],
        "category": "SQL",
        "difficulty": "Medium"
    },
    {
        "id": 442,
        "question": "MVD is known as",
        "description": null,
        "answers": {
            "answer_a": "Many Value Dependency",
            "answer_b": "More Value Dependency",
            "answer_c": "Multi Value Dependency",
            "answer_d": "All of the Above",
            "answer_e": null,
            "answer_f": null
        },
        "multiple_correct_answers": "false",
        "correct_answers": {
            "answer_a_correct": "false",
            "answer_b_correct": "false",
            "answer_c_correct": "true",
            "answer_d_correct": "false",
            "answer_e_correct": "false",
            "answer_f_correct": "false"
        },
        "correct_answer": "answer_a",
        "explanation": null,
        "tip": null,
        "tags": [
            {
                "name": "MySQL"
            }
        ],
        "category": "SQL",
        "difficulty": "Medium"
    },
    {
        "id": 376,
        "question": "The syntax for adding a new column to an existing table is ALTER TABLE `table_name` ADD COLUMN `column_name` `data_type`;",
        "description": null,
        "answers": {
            "answer_a": "True",
            "answer_b": "False",
            "answer_c": null,
            "answer_d": null,
            "answer_e": null,
            "answer_f": null
        },
        "multiple_correct_answers": "false",
        "correct_answers": {
            "answer_a_correct": "true",
            "answer_b_correct": "false",
            "answer_c_correct": "false",
            "answer_d_correct": "false",
            "answer_e_correct": "false",
            "answer_f_correct": "false"
        },
        "correct_answer": "answer_a",
        "explanation": null,
        "tip": null,
        "tags": [
            {
                "name": "MySQL"
            }
        ],
        "category": "SQL",
        "difficulty": "Medium"
    },
    {
        "id": 362,
        "question": "What command is used to permanently remove a record from a database table?",
        "description": null,
        "answers": {
            "answer_a": "DROP",
            "answer_b": "REMOVE",
            "answer_c": "DELETE",
            "answer_d": "CUT",
            "answer_e": null,
            "answer_f": null
        },
        "multiple_correct_answers": "false",
        "correct_answers": {
            "answer_a_correct": "false",
            "answer_b_correct": "false",
            "answer_c_correct": "true",
            "answer_d_correct": "false",
            "answer_e_correct": "false",
            "answer_f_correct": "false"
        },
        "correct_answer": "answer_a",
        "explanation": null,
        "tip": null,
        "tags": [
            {
                "name": "MySQL"
            }
        ],
        "category": "SQL",
        "difficulty": "Medium"
    },
    {
        "id": 205,
        "question": "Which operator is included in the data manipulation language (DML)?",
        "description": null,
        "answers": {
            "answer_a": "INSERT",
            "answer_b": "GRANT",
            "answer_c": "CREATE",
            "answer_d": "DROP",
            "answer_e": null,
            "answer_f": null
        },
        "multiple_correct_answers": "false",
        "correct_answers": {
            "answer_a_correct": "true",
            "answer_b_correct": "false",
            "answer_c_correct": "false",
            "answer_d_correct": "false",
            "answer_e_correct": "false",
            "answer_f_correct": "false"
        },
        "correct_answer": "answer_a",
        "explanation": null,
        "tip": null,
        "tags": [
            {
                "name": "MySQL"
            }
        ],
        "category": "SQL",
        "difficulty": "Medium"
    }
]